Базилик Мед Фарм,+998954756666
Сеть аптек Vaksina №4,+998951980181
Смарт ФармСаноат МЧЖ 1,+998974888998
Сет Аптека МММ №3,+998900023236
N med pharm,+998951959111
DORIXONA +03 №2,+998712837716
ООО Зиеда Фарм Трейдинг,+998712070333
Madad Farm KOB,+998972239800
ООО Олам Фарм (Сампи 2),+998998847222
Аптека Валерянка,+998712603603
Сеть Аптек Target №3,+998712152480
У Фарм,+998982777727
Олам фарм №15,+998712332763
Дорихона +,+998935451223
ЖАМШИД ХК,+998622277777
Голд Фарм Трейд,+998707163366
Хелз Март,+998712317755
Аптека 9999,+998712977138
Сеть Аптек Шох Фарм №5,+998951950010
Аптека Диабет,+998996160666
Аптека 501,+998712073334
ООО "Азбука Здоровья",+998995082212
Равнак Давр Инвест,+998712603311
Аптека Orzu Med,+998712175777
У Фарм,+998982777727
Олам фарм №15,+998712332763
Дорихона +,+998935451223
ЖАМШИД ХК,+998622277777
Голд Фарм Трейд,+998707163366
Хелз Март,+998712317755
Аптека 9999,+998712977138
Сеть Аптек Шох Фарм №5,+998951950010
Аптека Диабет,+998996160666
Аптека 501,+998712073334
ООО "Азбука Здоровья",+998995082212
Равнак Давр Инвест,+998712603311
Аптека Orzu Med,+998712175777
ДОРИХОНА "В14",+998712750175
Аптека "Наматак",+998973015364
Люкс фарма плюс,+998981411555
Малхам хусусий дорихонаси,+998732261011
ООО Фарма Космос №4,+998954753311
ArzonApteka 6,+998956100003
Аптека Оптом Медикал,+998994396054
АЛ-АЗИЗ АВИЦЕНА,+998956102962
Азиз Нур Мирзо,+998971773141
Дилшод аптека (5- школа),+998902555214
Дилшод аптека (областная больница),+998994071896
ООО Фарма Космос №4,+998954753311
ArzonApteka 6,+998956100003